<application>
  <component name="GitRememberedInputs">
    <option name="visitedUrls">
      <list>
        <UrlAndUserName>
          <option name="url" value="http://gitlab-ncsa.ubisoft.org" />
          <option name="userName" value="bo-yu.wang" />
        </UrlAndUserName>
        <UrlAndUserName>
          <option name="url" value="https://gitlab-ncsa.ubisoft.org/fleet/cloud/gke-firewall-updater.git" />
          <option name="userName" value="" />
        </UrlAndUserName>
        <UrlAndUserName>
          <option name="url" value="https://github.com/jimmykuu/Go-UEditor.git" />
          <option name="userName" value="" />
        </UrlAndUserName>
      </list>
    </option>
    <option name="cloneParentDir" value="D:\Projects\Go\src" />
  </component>
  <component name="Vcs.Log.App.Settings">
    <option name="COLUMN_ORDER">
      <list>
        <option value="0" />
        <option value="1" />
        <option value="2" />
        <option value="3" />
      </list>
    </option>
  </component>
</application>