<application>
  <component name="ProjectJdkTable">
    <jdk version="2">
      <name value="Python 3.9 (Python)" />
      <type value="Python SDK" />
      <version value="Python 3.9.1" />
      <homePath value="D:\Python\venv\Scripts\python.exe" />
      <roots>
        <classPath>
          <root type="composite">
            <root url="file://$USER_HOME$/AppData/Local/Programs/Python/Python39/DLLs" type="simple" />
            <root url="file://$USER_HOME$/AppData/Local/Programs/Python/Python39/Lib" type="simple" />
            <root url="file://$USER_HOME$/AppData/Local/Programs/Python/Python39" type="simple" />
            <root url="file://D:/Python/venv" type="simple" />
            <root url="file://D:/Python/venv/Lib/site-packages" type="simple" />
            <root url="file://$USER_HOME$/AppData/Local/JetBrains/PyCharm2020.3/python_stubs/-1986954619" type="simple" />
            <root url="file://$APPLICATION_HOME_DIR$/plugins/python/helpers/python-skeletons" type="simple" />
            <root url="file://$APPLICATION_HOME_DIR$/plugins/python/helpers/typeshed/stdlib/3.9" type="simple" />
            <root url="file://$APPLICATION_HOME_DIR$/plugins/python/helpers/typeshed/stdlib/3.7" type="simple" />
            <root url="file://$APPLICATION_HOME_DIR$/plugins/python/helpers/typeshed/stdlib/3" type="simple" />
            <root url="file://$APPLICATION_HOME_DIR$/plugins/python/helpers/typeshed/stdlib/2and3" type="simple" />
            <root url="file://$APPLICATION_HOME_DIR$/plugins/python/helpers/typeshed/third_party/3" type="simple" />
            <root url="file://$APPLICATION_HOME_DIR$/plugins/python/helpers/typeshed/third_party/2and3" type="simple" />
          </root>
        </classPath>
        <sourcePath>
          <root type="composite" />
        </sourcePath>
      </roots>
      <additional ASSOCIATED_PROJECT_PATH="D:/Python" />
    </jdk>
    <jdk version="2">
      <name value="Python 3.9 (idip)" />
      <type value="Python SDK" />
      <version value="Python 3.9.1" />
      <homePath value="D:\idip\venv\Scripts\python.exe" />
      <roots>
        <classPath>
          <root type="composite">
            <root url="file://$USER_HOME$/AppData/Local/Programs/Python/Python39/DLLs" type="simple" />
            <root url="file://$USER_HOME$/AppData/Local/Programs/Python/Python39/Lib" type="simple" />
            <root url="file://$USER_HOME$/AppData/Local/Programs/Python/Python39" type="simple" />
            <root url="file://D:/idip/venv" type="simple" />
            <root url="file://D:/idip/venv/Lib/site-packages" type="simple" />
            <root url="file://$USER_HOME$/AppData/Local/JetBrains/PyCharm2020.3/python_stubs/-1215838901" type="simple" />
            <root url="file://$APPLICATION_HOME_DIR$/plugins/python/helpers/python-skeletons" type="simple" />
            <root url="file://$APPLICATION_HOME_DIR$/plugins/python/helpers/typeshed/stdlib/3.9" type="simple" />
            <root url="file://$APPLICATION_HOME_DIR$/plugins/python/helpers/typeshed/stdlib/3.7" type="simple" />
            <root url="file://$APPLICATION_HOME_DIR$/plugins/python/helpers/typeshed/stdlib/3" type="simple" />
            <root url="file://$APPLICATION_HOME_DIR$/plugins/python/helpers/typeshed/stdlib/2and3" type="simple" />
            <root url="file://$APPLICATION_HOME_DIR$/plugins/python/helpers/typeshed/third_party/3" type="simple" />
            <root url="file://$APPLICATION_HOME_DIR$/plugins/python/helpers/typeshed/third_party/2and3" type="simple" />
          </root>
        </classPath>
        <sourcePath>
          <root type="composite" />
        </sourcePath>
      </roots>
      <additional ASSOCIATED_PROJECT_PATH="D:/idip" />
    </jdk>
    <jdk version="2">
      <name value="Python 3.9 (lyanna)" />
      <type value="Python SDK" />
      <version value="Python 3.9.1" />
      <homePath value="D:\lyanna\lyanna\venv\Scripts\python.exe" />
      <roots>
        <classPath>
          <root type="composite">
            <root url="file://$USER_HOME$/AppData/Local/Programs/Python/Python39/DLLs" type="simple" />
            <root url="file://$USER_HOME$/AppData/Local/Programs/Python/Python39/Lib" type="simple" />
            <root url="file://$USER_HOME$/AppData/Local/Programs/Python/Python39" type="simple" />
            <root url="file://D:/lyanna/lyanna/venv" type="simple" />
            <root url="file://D:/lyanna/lyanna/venv/Lib/site-packages" type="simple" />
            <root url="file://$USER_HOME$/AppData/Local/JetBrains/PyCharm2020.3/python_stubs/-971702970" type="simple" />
            <root url="file://$APPLICATION_HOME_DIR$/plugins/python/helpers/python-skeletons" type="simple" />
            <root url="file://$APPLICATION_HOME_DIR$/plugins/python/helpers/typeshed/stdlib/3.9" type="simple" />
            <root url="file://$APPLICATION_HOME_DIR$/plugins/python/helpers/typeshed/stdlib/3.7" type="simple" />
            <root url="file://$APPLICATION_HOME_DIR$/plugins/python/helpers/typeshed/stdlib/3" type="simple" />
            <root url="file://$APPLICATION_HOME_DIR$/plugins/python/helpers/typeshed/stdlib/2and3" type="simple" />
            <root url="file://$APPLICATION_HOME_DIR$/plugins/python/helpers/typeshed/third_party/3" type="simple" />
            <root url="file://$APPLICATION_HOME_DIR$/plugins/python/helpers/typeshed/third_party/2and3" type="simple" />
          </root>
        </classPath>
        <sourcePath>
          <root type="composite" />
        </sourcePath>
      </roots>
      <additional ASSOCIATED_PROJECT_PATH="D:/lyanna/lyanna" />
    </jdk>
  </component>
</application>